Title,Latitude,Longitude,Elevation,Area,Country,Period,Ref3,,,,,,Ref1,Ref2
Aajar (tell),36.5,37.03333333,450m,Northern Levant,Syria,,Mellaart 1981, 7/8,,,,, Matthers 1978,Matthers 1981
Abadah (tell),34.11666667,45.16666667,105m,Mesopotamian plain,Iraq, 7/8,,,,,,, Abboud 1983a, 7/8
Abdul Hosein (tepe),34.18333333,48.16666667,1700m,Southern Zagros,Iran,,Pullar et al. 1986,3,,,,, Pullar 1979,Pullar 1981
Abou Gosh,31.8,35.08333333,31°48'N  35°05'E,700m,Southern Levant,4,4,,,,,,Palestine, Mienis 1978
Abqaiq 7,0,0,,Arabian Coast of the Persian Gulf,Saudi Arabia, 8/9,,,,,,, , 8/9
Abqaiq east C (23),0,0,,Arabian Coast of the Persian Gulf,Saudi Arabia, 8/9,,,,,,, Masry 1974, 8/9
Abu Hureyra (Tell),35.83333333,38.36666667,250m,Middle Euphrate,Syria,"""3/4/5",Moore 1979,Moore 1981,Moore 1983,3,4,5, Moore 1975a,Moore 1975b
Abu Husaini,34.31666667,45.01666667,180m,Mesopotamian plain,Iraq, ,,,,,,, , 
Abu Khamis,27.05,49.21666667,10m,Arabian Coast of the Persian Gulf,Saudi Arabia, 8/9, Golding 1971,Golding 1974,Masry 1974, 8/9,,, Burkholder 1972,Burkholder
Abu Suwwan,32.28333333,35.88333333,600m,Southern Levant,Jordan,4,,,,,,, Kirkbride 1958,4
Abu Zureiq,32.63333333,35.11666667,200m,Southern Levant,Israel,,Anati 1972,Perrot 1963, ,,,, Anati  et al.1973,Anati 1971
Aciyer,38.43333333,34.13333333,1200m,Central Anatolia,Turkey,3,,,,,,, ,3
Afis (tell),37.3,36.33333333,0m,Middle Euphrate,Syria,10,,,,,,, ,10
Ahmar south (tell),36.08333333,40.7,300m,Jezireh,Syria,5,6,,,,,, ,5
Ain el-Kherkh,0,0,,Northern Levant,Syria, ,,,,,,, , 
Ain et-Tell,36.21666667,37.18333333,450m,Northern Levant,Syria,, ,,,,,, Matthers 1978,Mellaart 1981
Ain Ghazal,31.91666667,35.93333333,720m,Southern Levant,Jordan, ,,,,,,, , 
Akarçay (Huyuk),36.91666667,38.01666667,335m,Middle Euphrate,Turkey,2,3,4,5,,,, ,2
Akhtareine (tell),36.5,37.33333333,400m,Northern Levant,Syria,6,,,,,,, Matthers 1981,6
Alaca (Huyuk),40,35.01666667,1000m,Central Anatolia,Turkey, 11?,,,,,,, , 11?
Ali (tel'),0,0,,Southern Levant,Israel, 4b,,,,,,, , 4b
Ali Agha (gird),36.43333333,43.8,330m,Jezireh,Iraq,, 4b/5,,,,,, Braidwood, Howe 1960
Ali Kosh,32.55,47.31666667,200m,Southern Zagros,Iran,3,4,5,unstrat. ,,,, Renfrew et al. 1966,3
Alikemek (tepesi),0,0,,Transcaucasia,Azerbaijan,10,,,,,,, ,10
Alishar (huyuk),0,0,,,Turkey,,,,,,,, , unstrat. 
Altinkum Plaji,0,0,,Western Anatolia,Turkey,6,,,,,,, ,6
Anaseuli I,0,0,,Transcaucasia,Georgia,4,,,,,,, ,4
Anaseuli II,0,0,,Transcaucasia,Georgia,5,,,,,,, ,5
Aphrodisias,37.71666667,28.8,500m,Western Anatolia,Turkey,10,,,,,,, ,10
Apiancha (grotte),0,0,,Transcaucasia,Georgia, 4 or 5 ,,,,,,, , 4 or 5 
Aqab (tell),37.01666667,40.88333333,450m,Jezireh,Syria,,6,7,,,,, Watkins, Campbell 1987
Aratashen,0,0,,Transcaucasia,Armenia, ,,,,,,, , 
Aray 1,35.9,36.5,,Northern Levant,Syria,7,,,,,,, ,7
Aray 2,35.58333333,36.51666667,,Northern Levant,Syria,6,,,,,,, ,6
Archaq (tell),0,0,,Northern Levant,Syria, 6/7,,,,,,, , 6/7
Ard Tlaili,34.08333333,36.11666667,850m,Northern Levant,Lebanon,6,,,,,,, ,6
Arjoune (tell),34.55,36.55,800m,Northern Levant,Syria,7,,,,,,, ,7
Arpachiyah (tell),36.36666667,43.2,550m,Jezireh,Iraq,,6,7,7-Aug,,,, Davidson 1977,Renfrew et al. 1966
Arqa,0,0,,Northern Levant,Lebanon,11,,,,,,, ,11
Arslan (tepe),38.38333333,38.36666667,,High Valleys,Turkey,10,11,,,,,, ,10
Aruda (Jebel),0,0,,Middle Euphrate,Syria,11,,,,,,, ,11
Arukhlo,0,0,,Transcaucasia,Georgia, ,,,,,,, , 
Ashkelon,0,0,,Southern Levant,Israel,5,,,,,,, perrot J. 1968,5
Asiab (tepe),34.3,47.18333333,1400m,Southern Zagros,Iran,2,,,,,,, ,2
Asiklar (huyuk),0,0,,,Turkey,11,,,,,,, ,11
Asikli (Huyuk),38.35,34.23333333,1125m,Central Anatolia,Turkey,3,unstrat. ,,,,,, ,3
Askale (huyuk),0,0,,,Turkey,11,,,,,,, ,11
Asprokremnos,0,0,,Cyprus,Cyprus,5,,,,,,, ,5
Assouad (tell),36.56666667,39.01666667,400m,Middle Euphrate,Syria,4,7,,,,,, ,4
Aswad (tell),33.36666667,36.55,600m,Central Levant,Syria,3,3-Apr,4,,,,, Cauvin 1974a,3
Atij,0,0,,Jezireh,Syria,11,,,,,,, ,11
Avla Dag (tell),38.56666667,34.93333333,1200m,Central Anatolia,Turkey,5,,,,,,, ,5
Ayngerm,37.4,41.5,,High Valleys,Turkey,7,,,,,,, ,7
Azat,0,0,,,Turkey,11,,,,,,, ,11
Aziz (tel Abd el-),35.88333333,36.5,,Northern Levant,Syria, ,,,,,,, , 
Azraq 31,31.65,36.85,0m,Southern Levant,Jordan,3, Byrd B., Colledge S. et Hunt C. 1988,,3,,, Garrard A. N., Betts A.
Azykh,0,0,,Transcaucasia,Azerbaijan,,,,,,,, , -
Baba Dervish,0,0,,Transcaucasia,Azerbaijan, 9/10,,,,,,, , 9/10
Baghouz,34.45,40.95,250m,Jezireh,Syria,6,,,,,,, ,6
Bahouerte (tell),36.63333333,37.05,500m,Northern Levant,Syria, ,,,,,,, , 
Bahouerte B,36.63333333,37.05,500m,Northern Levant,Syria,6,,,,,,, ,6
Bakun B (Tal i-),0,0,,Southern Zagros,Iran,,,,,,,, Renfrew et al. 1966, unstrat. 
Ballout (tepe),36.43333333,42.36666667,400m,Jezireh,Iraq, 8/9,,,,,,, , 8/9
Banahilk (Gird),36.66666667,44.53333333,800m,Northern Zagros,Iraq,7,7,,,,,, Braidwood, Howe 1960
Basmusian,36.15,44.91666667,500m,Northern Zagros,Iraq,6,,,,,,, ,6
Battal Chimali (tell),0,0,,Northern Levant,Syria,7,,,,,,, ,7
Bavra II,0,0,,Transcaucasia,Georgia,0,,,,,,, ,0
Bawwab Al-Ghazal,0,0,,Southern Levant,Jordan,,,,,,,, , -
Beidha,30.36666667,35.31666667,1300m,Southern Levant,Jordan,3,,,,,,, ,3
Beisamoun,33.16666667,35.55,0m,Southern Levant,Israel,4,,,,,,, ,4
Belaja Peschara,0,0,350m,Transcaucasia,Georgia, 8/9,,,,,,, , 8/9
Berné (tell),35.98333333,37,25m,Northern Levant,Syria,7,,,,,,, ,7
Beset Nahal,0,0,,Southern Levant,Israel, ,,,,,,, , 
Besik-Sivritepe,39.78333333,26.15,,Western Anatolia,Turkey, ,,,,,,, , 
Beycesultan,38.25,29.76666667,700m,Central Anatolia,Turkey,10,,,,,,, ,10
Beydar,0,0,,,Syria,11,,,,,,, ,11
Birikin Magarasi,0,0,,,Turkey, 3/4,,,,,,, , 3/4
Birimi (Huyuk),37.23333333,39.71666667,550m,Jezireh,Turkey,7,7,,,,,, Dönmez, Brice 1949
Biris Mezarligi,37.36666667,38.36666667,600m,Middle Euphrate,Turkey, 1 ou 3/4,,,,,,, , 1 ou 3/4
Boueid II,0,0,,Jezireh,Syria,,,,,,,, ,6
Bouhaira (tell),0,0,,Northern Levant,Syria, 6/7,,,,,,, Matthers 1978, 6/7
Bouqras (tell),35.06666667,40.38333333,280m,Jezireh,Syria,4,4-May,,,,,, Renfrew et al. 1966,4
Boy (tepe),38.88333333,38.9,1000m,High Valleys,Turkey, 3/4,,,,,,, , 3/4
Bozkoy,0,0,,Central Anatolia,Turkey,3,,,,,,, ,3
Brak (tell),36.65,41.06666667,360m,Jezireh,Syria, 10/11,6,7,,,,, , 10/11
Breilat I-II (Tulul),36.48333333,39.1,350m,Jezireh,Syria,4,,,,,,, ,4
Breilat III- (Tulul),36.48333333,39.1,350m,Jezireh,Syria, 3/4,,,,,,, , 3/4
Breilat IV,36.48333333,39.1,350m,Jezireh,Syria, 3/4,,,,,,, , 3/4
Buhallan,0,0,,Mesopotamian plain,Iran, ,,,,,,, , 
Buyuk (tepe),0,0,,,Turkey,11,,,,,,, ,11
Byblos,34.11666667,35.65,0m,Northern Levant,Lebanon,6,7,,,,,, Renfrew et al. 1966,6
Cafer (Huyuk),38.4,38.75,800m,High Valleys,Turkey,3,3 + 4,4,,,,, ,3
Çalca,40.03333333,26.95,450m,Western Anatolia,Turkey, 4/5,,,,,,, , 4/5
Can Hasan I,37.26666667,33.33333333,1200m,Central Anatolia,Turkey,10,6,7,,,,, ,10
Can Hasan III,37.26666667,33.33333333,1200m,Central Anatolia,Turkey, 4/5,,,,,,, , 4/5
Cano (tepe),38.46666667,38.36666667,720m,High Valleys,Turkey, 8/9,,,,,,, , 8/9
Cap Andreas Kastros,0,0,,Cyprus,Cyprus,5,,,,,,, ,5
Carchemish,36.83333333,38,370m,Middle Euphrate,Turkey, 3/4,,,,,,, , 3/4
Çark-in (grotte),36.95,30.65,100m,Central Anatolia,Turkey, 8/9,,,,,,, , 8/9
Çatal (Huyuk),37.66666667,32.83333333,1000m,Central Anatolia,Turkey,4,4 + 5,5,6,unstrat. ,,, ,4
Çatal (Huyuk) (West),37.66666667,32.85,1000m,Central Anatolia,Turkey,7,,,,,,, ,7
Çatalkaya,41.28333333,33.78333333,900m,Northern Anatolia,Turkey, 6/7,,,,,,, , 6/7
Çavi Tarlasi,37.75,38.96666667,505m,Middle Euphrate,Turkey,7,,,,,,, ,7
Çayboyu,38.86666667,38.96666667,800m,High Valleys,Turkey,7,,,,,,, ,7
Çayiryolu tepe 2,0,0,,,Turkey,11,,,,,,, ,11
Çayonu (tepesi),38.21666667,39.81666667,830m,High Valleys,Turkey,2,3,4,,,,, ,2
Chagar Bazar (tell),36.86666667,40.9,400m,Jezireh,Syria,6,7,8 ou 9,,,,, ,6
Chahine (tell),36.3,39.01666667,300m,Jezireh,Syria, 8/9,,,,,,, , 8/9
Chai (Gird),36.4,43.66666667,250m,Jezireh,Iraq,,2,,,,,, Braidwood, Howe 1960
Chalagan (tepe),0,0,,Transcaucasia,Azerbaijan,,,,,,,, , -
Cheikh Hassan (tepe),36.1,38.11666667,300m,Middle Euphrate,Syria,2,3,,,,,, pernicka et al. 1997b,2
Cheshmeh Ali,0,0,,,Iran,10,,,,,,, ,10
Chkhortoli,0,0,,Transcaucasia,Georgia,6,,,,,,, ,6
Choga Mami,33.78333333,45.38333333,90m,Mesopotamian plain,Iraq,6,7,8-Sep,,,,, Oates et Oates 1976,6
Choga Sefid,32.61666667,47.25,230m,Southern Zagros,Iran,4,5,6,7,unstrat. ,,, ,4
Cinaz I,38.71666667,39.9,980m,Eastern Anatolia,Turkey,7,,,,,,, ,7
Cinaz III (Hoyuk),38.7,39.91666667,900m,Eastern Anatolia,Turkey, 3/4,,,,,,, , 3/4
Cinis,0,0,,,Turkey,11,,,,,,, ,11
Çoskun Tepe,39.48333333,26.08333333,,Western Anatolia,Turkey,6,,,,,,, ,6
Çukurkent,37.88333333,31.53333333,,Central Anatolia,Turkey,6,,,,,,, Mellaart 1954,6
Cyclope (cave of),0,0,,Aegean Area,Greece,0,,,,,,, ,0
Daim (ed-) (Tell),0,0,,Northern Zagros,Iraq,6,,,,,,, ,6
Dalma (tepe),36.96666667,45.4,1400m,Northern Zagros,Israel, ,,,,,,, Young 1962, 
Damishiliyya I (tell),36.51666667,39.03333333,370m,Middle Euphrate,Syria,4,5,,,,,, ,4
Dar (Ain),0,0,,Arabian Coast of the Persian Gulf,Saudi Arabia, 8/9,,,,,,, Masry 1974, 8/9
Darkveti,0,0,,Transcaucasia,Georgia,,,,,,,, , -
Dederiyeh,0,0,,Northern Levant,Syria, ,,,,,,, , 
Degirmen (tepe),38.46666667,38.48333333,800m,High Valleys,Turkey, ,,,,,,, , 
Demirci (Hoyuk),39.85,30.26666667,930m,Western Anatolia,Turkey,6,,,,,,, ,6
Demirkoy (Hoyuk),37.93333333,41.08333333,560m,High Valleys,Turkey,2,,,,,,, ,2
Der Hall,0,0,,Jezireh,Iraq, 2 or 4,,,,,,, , 2 or 4
Derak (Khirbet),0,0,,Jezireh,Iraq, ,,,,,,, , 
Dhahab (tell),36.25,36.55,152m,Northern Levant,Turkey,5,,,,,,, ,5
Dharan (site 11),0,0,,Arabian Coast of the Persian Gulf,Saudi Arabia, ,,,,,,, , 
Dhour Ech-Chouer,33.78333333,35.8,0m,Northern Levant,Lebanon,0,,,,,,, ,0
Diyarbakir (citadelle),37.9,40.25,700m,High Valleys,Turkey,,7,,,,,, Dönmez, Brice 1949
Diyarbakir (sites),37.9,40.25,,High Valleys,Turkey, 3/4,,,,,,, , 3/4
Dja’de,0,0,,Middle Euphrate,Syria,3,3 or 6,5 ou 6,unstrat. ,,,, pernicka et al. 1997b,3
Domali,41.18333333,29.43333333,,Western Anatolia,Turkey, 4/5?,,,,,,, , 4/5?
Domuztepe,36.65,35.46666667,20m,Central Anatolia,Turkey,7,,,,,,, ,7
Dosariyah,0,0,,Arabian Coast of the Persian Gulf,Saudi Arabia,7,,,,,,, Masry 1974,7
Edzani,0,0,,Transcaucasia,Georgia, 1/2,,,,,,, , 1/2
El Kerkh 2,35.81666667,36.45,,Northern Levant,Syria,4,4-May,6,,,,, ,4
El Kowm 2,35.18333333,38.86666667,460m,Northern Levant,Syria,5,6,,,,,, ,5
El-Khiam,31.63333333,35.26666667,450m,Southern Levant,Palestine,4,,,,,,, ,4
El-Kowm 1 (tell principal),35.25,38.85,460m,Northern Levant,Syria,0,,,,,,, ,0
Elvanli (Huyuk),36.55,34.21666667,40m,Central Anatolia,Turkey,5,,,,,,, ,5
Erbaba (tepe),37.56666667,31.68333333,1200m,Central Anatolia,Turkey,5,,,,,,, Mellaart 1954,5
Eridu (temple souding),30.8,45.98333333,0m,Mesopotamian plain,Iraq, ,,,,,,, , 
Es-Sinn (tell),0,0,,Jezireh,Syria, -,,,,,,, , -
Fafine (tell),36.33333333,37.25,450m,Northern Levant,Syria,6,,,,,,, Matthers 1978,6
Fakhariyah (tell),36.83333333,40.06666667,450m,Jezireh,Syria,4,,,,,,, ,4
Farukhabad (tepe),0,0,,Northern Zagros,Iran,10,,,,,,, ,10
Feyda (tell),0,0,,Jezireh,Syria, 4?,,,,,,, , 4?
Fikirtepe,40.96666667,29.06666667,26m,Northern Anatolia,Turkey,6,,,,,,, ,6
Fistikli (Hoyuk),0,0,,Middle Euphrate,Turkey,7,,,,,,, ,7
Gandzha Chai (stojanka n°133,0,0,,Transcaucasia,Azerbaijan, -,,,,,,, , -
Gargalar (tepesi),0,0,,Transcaucasia,Azerbaijan, -,,,,,,, , -
Gawra (tepe),36.46666667,43.26666667,400m,Jezireh,Iraq, 10/11,6,7,,,,, , 10/11
Gaziantep (citadelle),37.06666667,37.38333333,900m,Northern Levant,Turkey,,7,,,,,, Dönmez, Brice 1949
Gedik Pasa,0,0,,,Turkey,,,,,,,, , unstrat. 
Gelveri,0,0,,,Turkey,,,,,,,, , unstrat. 
Genil,0,0,,Southern Zagros,Iran,3,,,,,,, ,3
Geoy (tepe),0,0,,Northern Zagros,Iran,10,,,,,,, ,10
Gerikihaciyan,38.46666667,40.26666667,1000m,High Valleys,Turkey,7,,,,,,, ,7
Gharrah,0,0,,,Syria, ,,,,,,, , 
Ghoraife (tell),33.5,36.53333333,600m,Central Levant,Syria,3,4,,,,,, ,3
Gilat,0,0,,Southern Levant,Israel, 8/9,,,,,,, , 8/9
Ginnig,0,0,,Jezireh,Iraq, 3?,5,,,,,, , 3?
Girhami (tepesi),38.16666667,39.71666667,750m,Eastern Anatolia,Turkey, 3/4,,,,,,, , 3/4
Givat Ha-Parsa,31.85,34.7,20m,Southern Levant,Israel,,7,,,,,, Yellin, Garfinkel 1986
Giyan (tepe),0,0,,Southern Zagros,Iran, ,,,,,,, , 
Gobekli Ziyareti (tepe),37.21666667,38.91666667,800m,Jezireh,Turkey,3,,,,,,, ,3
Godin (tepe),34.45,48.03333333,1450m,Southern Zagros,Iran,10,11,,,,,, ,10
Golbent Ergani,38.28333333,39.76666667,975m,Central Anatolia,Turkey,3,,,,,,, ,3
Gorukluk (tepe),0,0,,,, -,,,,,,, , -
Gritille,37.51666667,38.55,700m,Jezireh,Turkey,4,,,,,,, ,4
Gudeda,0,0,,Jezireh,Syria, 11?,,,,,,, , 11?
Gundulak,0,0,,,Turkey,11,,,,,,, ,11
Guran (tepe),33.71666667,37.05,1000m,Southern Zagros,Iran,3,4,5,unstrat. ,,,, ,3
Gurcuktepe II,0,0,,Middle Euphrate,Turkey,4,,,,,,, ,4
Gurianta,0,0,,Transcaucasia,Georgia, 6/7,,,,,,, , 6/7
Guzir (Huyuk),37.71666667,41.81666667,700m,High Valleys,Turkey, -,,,,,,, , -
Hacibeyli,38.11666667,35.15,1200m,Central Anatolia,Turkey,4,,,,,,, ,4
Hacilar,37.71666667,30.06666667,950m,Central Anatolia,Turkey,6,,,,,,, ,6
Hacinebi (tepe),37.05,37.98333333,385m,Northern Levant,Turkey,11,,,,,,, ,11
Hagoshrim,33.18333333,35.63333333,100m,Southern Levant,Israel, 5+6+7+8+9,,,,,,, perrot J. 1968, 5+6+7+8+9
Hajji Firuz,36.96666667,45.46666667,1300m,Northern Zagros,Iran,6,,,,,,, Young 1962,6
Halaf  (tell),36.81666667,40.05,450m,Jezireh,Syria,5,6,7,,,,, Davidson 1977,5
Hallan Çemi (tepesi),38.23333333,41.25,640m,High Valleys,Turkey, 1/2,,,,,,, , 1/2
Halula,0,0,,Middle Euphrate,Syria,3,4,5,5 ou 6,6,7,, pernicka et al. 1997b,3
Hama,35.13333333,36.75,250m,Northern Levant,Syria,6,,,,,,, ,6
Hammam (tell),36.61666667,38.98333333,380m,Jezireh,Syria, 11?,3-Apr,,,,,, , 11?
Hammam (Wadi el-) (Grotte),36.25,36.56666667,200m,Northern Levant,Turkey,5,,,,,,, ,5
Hanvaki Eski II,37.56666667,31.85,1000m,Central Anatolia,Turkey,6,,,,,,, ,6
Harbi Kosa (tell),37.01666667,38.9,900m,Jezireh,Turkey,,7,,,,,, Dönmez, Brice 1949
Hasanlu,0,0,,,Iran, ?,,,,,,, , ?
Hash Bai (tell),0,0,,Northern Levant,Lebanon, ,,,,,,, , 
Hashomer (Eyn),33.21666667,35.58333333,200m,Southern Levant,Israel, 6/7,,,,,,, , 6/7
Hassan (tell),0,0,,Mesopotamian plain,Iraq,7,,,,,,, ,7
Hassek (Hoyuk),37.83333333,38.95,385m,Middle Euphrate,Turkey, 10/11,,,,,,, , 10/11
Hassuna (tell),36.03333333,43.21666667,250m,Jezireh,Iraq,5,6,,,,,, ,5
Hayaz (Huyuk),37.48333333,38.33333333,450m,Middle Euphrate,Turkey,4,,,,,,, ,4
Helu (tell),0,0,,Middle Euphrate,Syria, 8/9,,,,,,, , 8/9
Hoçaçesme,0,0,,,Turkey, -,,,,,,, , -
Hoch Rafqa (tell),0,0,,Northern Levant,Lebanon, 8/9,,,,,,, , 8/9
Horvat Galil,32.95,35.31666667,430m,Southern Levant,Israel,3,,,,,,, ,3
Igdeli (Cesme),38.55,43.45,1250m,Cyprus,Cyprus,5,,,,,,, ,5
Ilanly (tepe),0,0,,Transcaucasia,Azerbaijan, -,,,,,,, , -
Ilipinar,40.45,29.3,90m,Western Anatolia,Turkey, 6/7,7,,,,,, , 6/7
Illicapinar,38.56666667,32.93333333,930m,Central Anatolia,Turkey,5,,,,,,, ,5
Imris Gora,0,0,,Transcaucasia,Georgia, 6/7,,,,,,, , 6/7
Ivikler tepesi,0,0,,,Turkey,11,,,,,,, ,11
Jaadiyeh (tell),0,0,,Northern Levant,Syria, ,,,,,,, , 
Jaffarabad,32.2,48.21666667,,,Iran, ,,,,,,, , 
Jarba (Ein el-),32.65,35.13333333,250m,Southern Levant,Israel, ,,,,,,, , 
Jarmo (Qala’at),35.53333333,44.93333333,1000m,Northern Zagros,Iraq,,4,4 ou 5,4b/5a,5,,, Braidwood, Howe 1960
Jerf el Ahmar,0,0,,Middle Euphrate,Syria,2,,,,,,, pernicka et al. 1997b,2
Jericho,31.85,35.43333333,0m,Southern Levant,Palestine,2,3,,,,,, Strouhale 1973,2
Jilat 13 (Wadi el-),0,0,,Southern Levant,Jordan,5,,,,,,, ,5
Jilat 7,31.68333333,36.73333333,700m,Southern Levant,Jordan,, Byrd B., Colledge S. et Hunt C. 1988,,3,,, Garrard A. N., Betts A.
Jisr (el-) (tell),0,0,,Northern Levant,Lebanon,7,,,,,,, ,7
Judaidah-Amuq (tell),36.26666667,36.6,130m,Northern Levant,Turkey,5,6,7,,,,, ,5
Kabri,33.01666667,35.13333333,20m,Southern Levant,Israel, ,,,,,,, , 
Kadrich (tell),36.58333333,37.35,400m,Northern Levant,Syria,6,,,,,,, ,6
Kalavassos-Tenta,0,0,,Cyprus,Cyprus,5,,,,,,, ,5
Kaletepe-Komurcu,38.28333333,34.58333333,1560m,Central Anatolia,Turkey, 4/5,unstrat. ,,,,,, , 4/5
Kanal (huyuk),37.36666667,31.85,1150m,Central Anatolia,Turkey,6,,,,,,, Mellaart 1954,6
Kani Sur,35.51666667,44.93333333,850m,Northern Zagros,Iraq,,4,,,,,, Braidwood, Howe 1960
Karain,37.06666667,30.55,,Western Anatolia,Turkey,,,,,,,, , paleo. 
Karaz,0,0,,,Turkey,11,,,,,,, ,11
Karim Shahir (Gird),35.56666667,44.95,500m,Northern Zagros,Iraq,,2,,,,,, Braidwood, Howe 1960
Kashkashok II,36.63333333,40.66666667,0m,Jezireh,Syria,4,7,,,,,, ,4
Kassiha (tell),0,0,,Northern Levant,Syria, 8/9,,,,,,, Matthers 1978, 8/9
Kayirli-Est,0,0,,Central Anatolia,Turkey,3,,,,,,, ,3
Kazane (Hoyuk),37.11666667,38.25,485m,High Valleys,Turkey,6,7,,,,,, ,6
Kerkh 2 (tell el-) ,35.81666667,36.45,,Northern Levant,Syria, 3 or 4,5,,,,,, , 3 or 4
Kfar Hahoresh,32.7,35.2,2m,Southern Levant,Israel,3,,,,,,, ,3
Khan (al-) (tell),36.3,43.68333333,350m,Jezireh,Iraq,,6,,,,,, Braidwood, Howe 1960
Khaneke (Tell),0,0,,Jezireh,Syria,5,,,,,,, ,5
Kharabeh Shattani,0,0,,Jezireh,Iraq,6,7,,,,,, ,6
Khazne I (tell),36.1,43.8,250m,Jezireh,Syria,11,4?,,,,,, ,11
Khazne II (tell),36.1,43.8,250m,Jezireh,Syria,6,,,,,,, Albright 1926,6
Khazzami (al-) (tell),33.4,36.51666667,900m,Central Levant,Syria,7,,,,,,, ,7
Kheit Qassim III,0,0,,Mesopotamian plain,Iraq, ,,,,,,, , 
Khirokitia,0,0,,Cyprus,Cyprus,5,,,,,,, ,5
Khora Namik,35.55,44.86666667,500m,Northern Zagros,Iraq,,4,,,,,, Braidwood, Howe 1960
Khramis Didi Gora,0,0,,Transcaucasia,Georgia, ,,,,,,, , 
Khursaniyah,0,0,,Arabian Coast of the Persian Gulf,Saudi Arabia, 8/9,,,,,,, Masry 1974, 8/9
Khutsubani,0,0,,Transcaucasia,Georgia,3,,,,,,, ,3
Kilise (tepe),0,0,,,Turkey,11,,,,,,, ,11
Kissonerga,0,0,,Cyprus,Cyprus, ,,,,,,, , 
Kistrik,0,0,,Transcaucasia,Georgia, -,,,,,,, , -
Kizilkaya,37.28333333,30.46666667,950m,Western Anatolia,Turkey,6,,,,,,, ,6
Kizlar IV (Huyuk),37.25,30.26666667,300m,Western Anatolia,Turkey,6,,,,,,, ,6
Klepini-Troulli ,0,0,,Cyprus,Cyprus,5,,,,,,, ,5
Kobuleti,0,0,,Transcaucasia,Georgia,3,,,,,,, ,3
Koca (tepe),0,0,,Central Anatolia,Turkey,4,unstrat. ,,,,,, ,4
Kor (tepe),38.63333333,39.53333333,800m,Eastern Anatolia,Turkey, ,,,,,,, Mellink 1973, 
Korucu (tepe),38.61666667,39.56666667,800m,Eastern Anatolia,Turkey,11,7,,,,,, ,11
Kosak Shamali ,0,0,,Middle Euphrate,Syria, 10/11,,,,,,, , 10/11
Kosk (Huyuk),37.83333333,34.6,1400m,Central Anatolia,Turkey,5,,,,,,, ,5
Kotekan ,38.36666667,39.8,950m,Central Anatolia,Turkey,3,,,,,,, ,3
Kritou-Marottou,0,0,,Cyprus,Cyprus,5,,,,,,, ,5
Kuhbanan,0,0,,,Iran, 1 ou 4/5,,,,,,, , 1 ou 4/5
Kul (tepe),0,0,,Jezireh,Iraq, ,,,,,,, Bader 1994, 
Kultepe,0,0,,Transcaucasia,Azerbaijan, 7/8,,,,,,, , 7/8
Kumar (tepe),37.46666667,38.48333333,0m,Jezireh,Turkey, ,,,,,,, , 
Kumluk (tepe),38.58333333,35.16666667,1050m,Central Anatolia,Turkey,5,,,,,,, ,5
Kurban (Huyuk),37.48333333,38.41666667,418m,Middle Euphrate,Turkey,7,,,,,,, ,7
Kurdu (tell ),36.33333333,36.4,84m,Northern Levant,Turkey,7,7-Aug,,,,,, ,7
Kurupinar ,38.8,38.95,1000m,High Valleys,Turkey, ,,,,,,, , 
Kushali (tepe),0,0,,Northern Zagros,Iran, ,,,,,,, , 
Kuzler (tepe),37.18333333,38.75,800m,Jezireh,Turkey,,7,,,,,, Dönmez, Brice 1949
Kvirike ,0,0,,Transcaucasia,Georgia,3,,,,,,, ,3
Laboueh (tell) (sud),34.18333333,36.31666667,900m,Northern Levant,Lebanon, 4/5,,,,,,, , 4/5
Larsa,0,0,,,Iraq, ,,,,,,, , 
Lavan 109 (Nahal),30.93333333,34.48333333,300m,Southern Levant,Israel,3,3-Apr,,,,,, Bar Yosef 1976,3
Madhhur (tell),34.4,44.98333333,110m,Mesopotamian plain,Iraq, ,,,,,,, , 
Mafraq Slouq (tell),36.45,39.1,350m,Jezireh,Syria, 4/5,,,,,,, , 4/5
Magzalia (tell),36.4,42.31666667,450m,Jezireh,Iraq,4,,,,,,, Bader 1994,4
Majdel Anjar II ,0,0,,Northern Levant,Lebanon,7,,,,,,, ,7
Makhvilauri ,0,0,,Transcaucasia,Georgia, -,,,,,,, , -
Maled (tell),0,0,,Northern Levant,Syria,6,,,,,,, Matthers 1978,6
Mallaha ,33.11666667,35.56666667,100m,Southern Levant,Israel, ,,,,,,, , 
Maltepe ,36.58333333,33.41666667,200m,Central Anatolia,Turkey,6,,,,,,, Mellaart 1954,6
Malyan (Tal-e),0,0,,Southern Zagros,Iran,11,,,,,,, ,11
MarvDasht (Fars),0,0,,,Iran, 8 or 9,,,,,,, , 8 or 9
Mashnaqa ,0,0,,Jezireh,Syria, ,,,,,,, , 
Matarrah (tell),35.2,43.36666667,250m,Jezireh,Iraq,,Renfrew et al. 1966, -,6,,,, Braidwood, Howe 1960
Melebiya (tell),0,0,,Jezireh,Syria, ,,,,,,, , 
Merj Khalil,0,0,,Middle Euphrate,Syria, 3/4,,,,,,, , 3/4
Mersin ,36.83333333,34.56666667,25m,Central Anatolia,Turkey,5,6,7,,,,, Renfrew et al. 1966,5
Mevorakh (tell),0,0,,Southern Levant,Israel,5,,,,,,, ,5
Michmoreth ,32.41666667,34.9,0m,Southern Levant,Israel, 2 + 4/5,,,,,,, , 2 + 4/5
Miri (Ain),0,0,,Southern Levant,Israel,4,,,,,,, Bar Yosef 1976,4
Molla Assad (tell),36.61666667,38.01666667,370m,Middle Euphrate,Syria, 3/4,,,,,,, , 3/4
Mollah Ahmet ,37.03333333,35.9,45m,Central Anatolia,Turkey,7,,,,,,, ,7
Moukhtara ,0,0,,Northern Levant,Lebanon,7,,,,,,, ,7
Mounbateh (tell),36.36666667,39.06666667,350m,Jezireh,Syria, 6/8,,,,,,, , 6/8
Moussiyan (tepe),0,0,,Southern Zagros,Iran, ,,,,,,, , 
Mujahiya ,0,0,,Southern Levant,Israel,3,3-Apr,,,,,, ,3
Mulla Matar ,0,0,,Jezireh,Syria,11,,,,,,, pernicka et al. 1997b,11
Munhata ,32.61666667,35.53333333,0m,Southern Levant,Israel,3,6,7,,,,, ,3
Mureybet (tell),36.01666667,38.11666667,300m,Middle Euphrate,Syria,,2,3,unstrat. ,,,, Cauvin 1974a,pernicka et al. 1997b
Mushki (Tall i-),29.76666667,52.58333333,1800m,Southern Zagros,Iran,6,,,,,,, ,6
Musluçesme,40.16666667,28.06666667,50m,Central Anatolia,Turkey, 4b,,,,,,, , 4b
Musular ,38.33333333,34.21666667,1120m,Central Anatolia,Turkey, 4a,,,,,,, , 4a
M’lefaat (tell),36.31666667,43.51666667,400m,Jezireh,Iraq,2,,,,,,, ,2
Nachcharini ,34.08333333,36.45,2200m,Northern Levant,Lebanon,2,,,,,,, ,2
Nahariyah ,0,0,,Northern Levant,Lebanon, 8/9,,,,,,, , 8/9
Natsar Gora ,0,0,,Transcaucasia,Georgia, 8/9,,,,,,, , 8/9
Naveh Yam ,32.66666667,34.93333333,10m,Southern Levant,Israel, ,,,,,,, , 
Nebaa Faour (tell),33.63333333,35.78333333,850m,Northern Levant,Lebanon, ,,,,,,, , 
Nebaa Jallouk ,34.58333333,36.26666667,480m,Northern Levant,Lebanon,7,,,,,,, ,7
Nebi Mend ,34.55,36.46666667,,Northern Levant,Syria,5,,,,,,, ,5
Nef (tell),0,0,,Northern Levant,Syria,7,,,,,,, ,7
Nefeikh (tell ain),0,0,,Northern Levant,Lebanon,7,,,,,,, ,7
Nemrik 9,36.71666667,42.88333333,0m,Jezireh,Iraq,3,,,,,,, Mazurowski 1992,3
Nenezi ,38.36666667,34.45,1650m,Central Anatolia,Turkey, 3/4,5,,,,,, , 3/4
Netiv Hagdud ,0,0,,Southern Levant,Palestine,2,,,,,,, ,2
Nevala denik ,38.21666667,41.1,600m,High Valleys,Turkey, 3/4,,,,,,, , 3/4
Nevalli Çori ,37.58333333,38.65,490m,Middle Euphrate,Turkey,3,7,,,,,, ,3
Nineveh ,36.35,43.16666667,400m,Jezireh,Iraq,6,,,,,,, ,6
Norsun (tepe),38.55,39.36666667,800m,Eastern Anatolia,Turkey, ,,,,,,, , 
Odishi ,0,0,,Transcaucasia,Georgia,,,,,,,, , -
Okuzini,37.06666667,30.06666667,,Western Anatolia,Turkey,,,,,,,, , paleo. 
Omm Msamir ,0,0,,,Syria,,,,,,,, , -
Oren (Nahal),32.7,35,50m,Southern Levant,Israel,,2,2-Mar,3,,,, Bar Yosef 1976,Renfrew et al. 1966
Oueili (tell ),31.21666667,45.9,10m,Mesopotamian plain,Iraq,5,6,7,,,,, ,5
Palegawra ,35.61666667,45.13333333,990m,Northern Zagros,Iraq,,0,2,,,,, Braidwood, Howe 1960
Papazgolu ,38.28333333,39.73333333,975m,High Valleys,Turkey, 3/4,,,,,,, , 3/4
Pascu (Huyuk),37.15,35.91666667,42m,Central Anatolia,Turkey,5,,,,,,, ,5
Pendik ,40.86666667,29.25,5m,Western Anatolia,Turkey, 6/7,,,,,,, , 6/7
Pinarba?i-Bor ,37.91666667,34.5,1100m,Central Anatolia,Turkey, 4/5,,,,,,, , 4/5
Pisdeli (Tepe),36.91666667,45.41666667,1300m,Northern Zagros,Iran, ,,,,,,, , 
Pulur (Erzurum),0,0,,,Turkey,11,,,,,,, ,11
Qala’at el Mudiq ,34.4,36.38333333,200m,Northern Levant,Syria,5,,,,,,, ,5
Qale Rostam ,31.45,51.15,1600m,Southern Zagros,Iran, 5?,,,,,,, , 5?
Qalinj Agha ,36.16666667,44.01666667,400m,Jezireh,Iraq, ,,,,,,, , 
Qal’e Geli ,0,0,,,Iran, 3/4,,,,,,, , 3/4
Qamarian ,0,0,,,Iraq,6,,,,,,, ,6
Qara Chiwar (Kharaba),35.16666667,44.85,400m,Northern Zagros,Iraq,,2,,,,,, Braidwood, Howe 1960
Qaramel (tell),36.36666667,37.28333333,500m,Northern Levant,Syria,2,,,,,,, ,2
Qat ,33.23333333,35.58333333,500m,Southern Levant,Israel,7,,,,,,, ,7
Qdeir ,35.25,38.85,470m,Northern Levant,Syria,5,,,,,,, ,5
Qermez Dere ,36.36666667,47.45,2m,Jezireh,Iraq,2,,,,,,, ,2
Qminas ,0,0,,Northern Levant,Syria,5,,,,,,, ,5
Raheke ,0,0,,Jezireh,Syria, 5?,,,,,,, , 5?
Ramad (tell),33.4,36.1,800m,Central Levant,Syria,4,4-May,,,,,, Renfrew et al. 1966,4
Ras al-Amiya ,32.55,44.63333333,20m,Mesopotamian plain,Iraq, 7/8,,,,,,, , 7/8
Ras Shamra,35.6,35.8,10m,Northern Levant,Syria,4,5,6,7,unstrat. ,,, Renfrew et al. 1966,4
Rashid (tulul),0,0,,,Iraq, 7/8,,,,,,, , 7/8
Resulyan ,37.28333333,38.81666667,875m,Jezireh,Turkey,,7,,,,,, Dönmez, Brice 1949
Rihan III (tell),34.38333333,44.78333333,100m,Mesopotamian plain,Iraq,4,,,,,,, ,4
Rubeideh (tell),35.06666667,44.05,,Mesopotamian plain,Iraq, 10/11,,,,,,, , 10/11
Rus (tepesi),0,0,,Transcaucasia,Azerbaijan, -,,,,,,, , -
Saadiya (tell el-),34.16666667,45.13333333,150m,Mesopotamian plain,Iraq, 8/9,,,,,,, , 8/9
Saaidé I ,34.05,36.05,1025m,Northern Levant,Lebanon, 3/4,,,,,,, , 3/4
Sabi Abyad I ,36.51666667,39.1,380m,Jezireh,Syria,6,7,,,,,, ,6
Sabi Abyad II ,36.51666667,39.1,380m,Jezireh,Syria,4,,,,,,, ,4
Sabi Abyad III ,36.51666667,39.1,380m,Jezireh,Syria, 3/4,,,,,,, , 3/4
Sabz ,32.58333333,47.25,200m,Southern Zagros,Iran,7,,,,,,, ,7
Sakce Gozu,37.16666667,36.9,200m,Northern Levant,Turkey,6,6-Jul,7,,,,, Davidson 1977,6
Sakce Gozu (grotte),37.13333333,36.9,500m,Northern Levant,Turkey, 3/4,,,,,,, , 3/4
Sakyol ,38.9,38.83333333,800m,High Valleys,Turkey,11,,,,,,, ,11
Saleh (tell),36.66666667,39.83333333,420m,Jezireh,Syria,7,,,,,,, ,7
Samsin (Huyugu),37.21666667,39.98333333,50m,Central Anatolia,Turkey,6,,,,,,, ,6
San (tepe),38.43333333,38.68333333,800m,High Valleys,Turkey,10,,,,,,, ,10
Sang-I-Chakhmak - ouest ,36.46666667,54.98333333,1400m,Sout-Eastern Caspian sea,Iran,5,,,,,,, ,5
Saouda (tell Ain-),34,36.05,950m,Northern Levant,Lebanon,7,,,,,,, ,7
Sapmaz Koy ,38.51666667,33.83333333,1050m,Central Anatolia,Turkey,5,,,,,,, ,5
Sar Arsiaban ,0,0,,Southern Zagros,Iran,5,,,,,,, ,5
Sarab ,34.36666667,47.08333333,1300m,Southern Zagros,Iran,5,,,,,,, Renfrew et al. 1966,5
Sawwan (es-) (tell),34.11666667,43.08333333,50m,Jezireh,Iraq,6,7-Aug,,,,,, ,6
Say-Ev,0,0,,,, ?,,,,,,, , ?
Seavan (tepe),37.33333333,44.86666667,1800m,Northern Zagros,Iran, ,,,,,,, , 
Seh Gabi B ,34.58333333,48.86666667,1400m,Southern Zagros,Iran, ,,,,,,, , 
Seker al-Aheimar ,0,0,,Jezireh,Syria, 4/5,,,,,,, , 4/5
Shamseddine-Tannira (tell),0,0,,,Syria,7,,,,,,, ,7
Shamsine (tell),0,0,,Northern Levant,Lebanon, ,,,,,,, , 
Shanidar (Ishkaft),36.8,44.28333333,822m,Northern Zagros,Iraq, 1?,Paléo.sup,,,,,, Renfrew et al. 1966, 1?
Shatanabad (tepe),0,0,,Northern Zagros,Iran, ,,,,,,, , 
Shillourokambos,0,0,0m,Cyprus,Cyprus, 3/4,,,,,,, , 3/4
Shimshara (tell),36.2,44.95,500m,Northern Zagros,Iraq, 4b,5,6,unstrat. ,,,, Renfrew et al. 1966, 4b
Shomu (tepe),0,0,,Transcaucasia,Azerbaijan,7,,,,,,, ,7
Shulaveri,0,0,,Transcaucasia,Georgia, ,,,,,,, , 
Shunera IV,30.95,34.6,300m,Southern Levant,Israel, ,,,,,,, , 
Shunera X,30.95,34.6,300m,Southern Levant,Israel,2,,,,,,, ,2
Sianou (tell),0,0,,Northern Levant,Israel,11,,,,,,, ,11
Sinn (es-) (Tell),35.3,40.25,300m,Jezireh,Syria, 4a,,,,,,, , 4a
Sirçan (tepe),38.33333333,34.2,1200m,Central Anatolia,Turkey,4,,,,,,, ,4
Sogut Tarlasi,37.33333333,38.5,700m,Northern Levant,Turkey, 1 or 3/4,,,,,,, , 1 or 3/4
Sohz (tepe),0,0,,Southern Zagros,Iran, 8?,,,,,,, , 8?
Sos (Huyuk),0,0,,Eastern Anatolia,Turkey, ,,,,,,, , 
Sotto (tell),36.36666667,42.31666667,400m,Jezireh,Iraq,,5,,,,,, Merpert, Munchaev 1971
Suberde,37.35,31.93333333,1040m,Central Anatolia,Turkey,4,,,,,,, ,4
Sukas (tell),35.31666667,35.93333333,10m,Northern Levant,Syria,6,,,,,,, ,6
Sungur B (tell),34.16666667,45,80m,Mesopotamian plain,Iraq,7,,,,,,, ,7
Sungur C (tell),34.2,45.01666667,100m,Mesopotamian plain,Iraq, ,,,,,,, , 
Suruk Mevkii,37.55,37.36666667,440m,Northern Levant,Turkey, ,,,,,,, , 
Suse,0,0,,,Iran,,,,,,,, , protoliterate?
Tabbat al-Hamma,34.83333333,35.93333333,15m,Northern Levant,Syria,5,,,,,,, Renfrew et al. 1966,5
Tabia (tepe),0,0,,Northern Zagros,Iran, ,,,,,,, , 
Tamar (tepe),0,0,,Northern Zagros,Iran,6,,,,,,, ,6
Tamerkhan,33.75,45.53333333,150m,Mesopotamian plain,Iraq,4,,,,,,, Oates et Oates 1976,4
Tannour I-III (Qala’at),33.91666667,36.16666667,1200m,Northern Levant,Lebanon, 3/4,,,,,,, perrot J. 1968, 3/4
Tarsus,36.91666667,34.91666667,70m,Central Anatolia,Turkey,11,7-Aug,,,,,, Goldman 1938,11
Tekhut,0,0,,Transcaucasia,Armenia, ,,,,,,, , 
Teleilat (Huyuk),0,0,,Middle Euphrate,Turkey, ,,,,,,, , 
Tepeci-Çiftlik ,38.16666667,34.51666667,1500m,Central Anatolia,Turkey,5,,,,,,, ,5
Tepecik,38.65,39.45,750m,Eastern Anatolia,Turkey,10,6,,,,,, ,10
Tepecik Koy I,0,0,,,Turkey,11,,,,,,, ,11
Tepecik koy II,0,0,,,Turkey,11,,,,,,, ,11
Tetramitsa ,0,0,,Transcaucasia,Georgia, -,,,,,,, , -
Thalathat II (Telul eth-),36.38333333,42.6,400m,Jezireh,Iraq,5,,,,,,, ,5
Tilki (tepe),38.45,43.33333333,1600m,Eastern Anatolia,Turkey,7,unstrat. ,,,,,, ,7
Tleilet (Khirbet),36.35,37.23333333,500m,Jezireh,Syria,2,,,,,,, ,2
Toire (tepe),0,0,,Transcaucasia,Azerbaijan, -,,,,,,, , -
Troia,0,0,,Western Anatolia,Turkey, ,,,,,,, , 
Tsiteli Gorebi ,0,0,,Transcaucasia,Georgia, ,,,,,,, , 
Tsona ,0,0,,Transcaucasia,Georgia, -,,,,,,, , -
Tsopi ,0,0,,Transcaucasia,Georgia, ,,,,,,, , 
Tulin (tepe),38.63333333,39.41666667,830m,Eastern Anatolia,Turkey,10,,,,,,, ,10
Tumbaq (wadi),0,0,,,Syria,4,,,,,,, ,4
Ubaid (tell al-),30.95,46,10m,Mesopotamian plain,Iraq, 8/9,,,,,,, , 8/9
Umer (tepe),37.03333333,38.86666667,830m,Middle Euphrate,Turkey,,7,,,,,, Dönmez, Brice 1949
Umm Dabaghiyah I (tell),35.6,42.4,220m,Jezireh,Iraq,5,,,,,,, ,5
Umm el-tlel 2,0,0,,Northern Levant,Syria,5,,,,,,, ,5
Umm Qseir ,0,0,,Jezireh,Syria,7,,,,,,, ,7
Uqair A (tell  al-),32.68333333,44.8,35m,Mesopotamian plain,Iraq, ,,,,,,, , 
Ur ,30.95,46.1,0m,Mesopotamian plain,Iraq, ,,,,,,, , 
Wadha (tell),36.65,49.98333333,400m,Jezireh,Syria,7,,,,,,, ,7
Warka (e-Anna),31.3,45.65,,Mesopotamian plain,Iraq,10,11,,,,,, Haller 1932,10
Warka (Surface),31.3,45.65,,Mesopotamian plain,Iraq, 8/9,,,,,,, , 8/9
Wazgol (tell),0,0,,,Syria, 3/4,,,,,,, , 3/4
x,0,0,,,Turkey,,,,,,,, , unstrat. 
Yahya (tepe),0,0,,Southern Zagros,Iran, 10/11,unstrat. ,,,,,, , 10/11
Yanik (tepe),37.95,45.98333333,1300m,Northern Zagros,Iran,10,11,6,unstrat. ,,,, ,10
Yarim (tepe),37.18333333,55.13333333,20m,Sout-Eastern Caspian sea,Iran,6,,,,,,, ,6
Yarim I (tepe),36.35,42.35,400m,Jezireh,Iraq,, Munchaev 1971,5,6,,,, Bader 1994,Merpert
Yarim II (tepe) ,36.35,42.35,400m,Jezireh,Iraq,7,,,,,,, Bader 1994,7
Yarim III (tepe),36.35,42.35,400m,Jezireh,Iraq,7,,,,,,, ,7
Yayvan (tepe) = Til Huzur ,38.21666667,39.75,750m,High Valleys,Turkey,7,,,,,,, ,7
Yellibelen ,38.35,34.21666667,1120m,Central Anatolia,Turkey,4,,,,,,, ,4
Yiftahel ,32.71666667,45.18333333,2m,Southern Levant,Israel,, 3/4,,,,,, Yellin, Garfinkel 1986
Yilan (Huyuk),37.75,31.65,1100m,Central Anatolia,Turkey,6,,,,,,, Mellaart 1954,6
Yokneam,0,0,,Southern Levant,Israel,, ?,,,,,, Yellin, Garfinkel 1986
Yotus,0,0,,,Turkey,,,,,,,, , -
Yunus ,36.86666667,37.96666667,430m,Middle Euphrate,Turkey,7,,,,,,, Davidson 1977,7
Zarzi (grotte ),35.81666667,45.01666667,1000m,Northern Zagros,Iraq,0,,,,,,, Garrod 1930,0
Zawi Chemi ,36.78333333,44.28333333,425m,Northern Zagros,Iraq, ,,,,,,, Ferembach 1970b, 
Zehora (nahal),0,0,,Southern Levant,Israel, 6?,,,,,,, , 6?
Zeidan (tell),0,0,,Jezireh,Syria, 7/8,,,,,,, Albright 1926, 7/8
Zibini (Huyuk),37.3,39.65,,Jezireh,Turkey,,7,,,,,, Dönmez, Brice 1949
Zurtaket ,,,,Transcaucasia,Georgia, 1/2,,,,,,, , 1/2
